Time,V2XSpeed,V2XSpeedInj,KFSpeed,KFSpeedInj
1.15,26.33,26.33,26.33,26.33
1.25,26.31,26.31,26.34880921164459,26.34880921164459
1.35,26.31,26.31,26.38541525897854,26.38541525897854
1.45,26.53,26.53,26.487563562317852,26.487563562317852
1.55,26.62,26.62,26.592970771233073,26.592970771233073
1.65,26.66,26.66,26.693396797508612,26.693396797508612
1.75,26.72,26.72,26.79528629688751,26.79528629688751
1.85,26.84,26.84,26.90592259468008,26.90592259468008
1.95,27.05,27.05,27.033858410232963,27.033858410232963
2.05,27.07,27.07,27.15502725791583,27.15502725791583
2.15,27.2,27.2,27.281895534493703,27.281895534493703
2.25,27.33,27.33,27.411403610371316,27.411403610371316
2.35,27.56,27.56,27.55117259553051,27.55117259553051
2.45,27.61,27.61,27.687381065162853,27.687381065162853
2.55,27.92,27.92,27.835940492724117,27.835940492724117
2.65,27.88,27.88,27.974085063313467,27.974085063313467
2.75,28.21,28.21,28.124422538005838,28.124422538005838
2.85,28.36,28.36,28.276901486092132,28.276901486092132
2.95,28.39,28.39,28.4207793856997,28.4207793856997
3.05,28.46,28.46,28.563479238927467,28.563479238927467
3.15,28.76,28.76,28.71363545351098,28.71363545351098
3.25,28.91,28.91,28.86493317779794,28.86493317779794
3.35,29.06,29.06,29.014073383524803,29.014073383524803
3.45,29.08,29.08,29.154429226434043,29.154429226434043
3.55,29.32,29.32,29.294139347364098,29.294139347364098
3.65,29.45,29.45,29.426052867027927,29.426052867027927
3.75,29.51,29.51,29.547248344676312,29.547248344676312
3.85,29.71,29.71,29.663795417046547,29.663795417046547
3.95,29.7,29.7,29.764976964263823,29.764976964263823
4.05,29.8,29.8,29.85816633696963,29.85816633696963
4.15,29.93,29.93,29.942911532808473,29.942911532808473
4.25,30.07,30.07,30.022032965323728,30.022032965323728
4.35,30.16,30.16,30.091338499099088,30.091338499099088
4.45,30.08,30.08,30.147011208337894,30.147011208337894
4.55,30.28,30.28,30.200095621118404,30.200095621118404
4.65,30.33,30.33,30.244938763082803,30.244938763082803
4.75,30.26,30.26,30.279442212378264,30.279442212378264
4.85,30.36,30.36,30.310291522686153,30.310291522686153
4.95,30.33,30.33,30.33494040694835,30.33494040694835
5.05,30.37,30.37,30.3544455454518,30.3544455454518
5.15,30.45,30.45,30.372869927477048,30.372869927477048
5.25,30.45,30.45,30.388757890069765,30.388757890069765
5.35,30.38,30.38,30.39765842612107,30.39765842612107
5.45,30.51,30.51,30.410540321225056,30.410540321225056
5.55,30.43,30.43,30.418376959257596,30.418376959257596
5.65,30.44,30.44,30.4236747103194,30.4236747103194
5.75,30.39,30.39,30.42703832436525,30.42703832436525
5.85,30.49,30.49,30.433226230186317,30.433226230186317
5.95,30.43,30.43,30.4365283592386,30.4365283592386
6.05,30.42,30.42,30.438158154356213,30.438158154356213
6.15,30.38,30.38,30.43750746697089,30.43750746697089
6.25,30.52,30.52,30.44175253355641,30.44175253355641
6.35,30.55,30.55,30.44721672503777,30.44721672503777
6.45,30.39,30.39,30.44742751214895,30.44742751214895
6.55,30.54,30.54,30.451088171572916,30.451088171572916
6.65,30.39,30.39,30.451853656773743,30.451853656773743
6.75,30.43,30.43,30.452184433570842,30.452184433570842
6.85,30.51,30.51,30.4538574242479,30.4538574242479
6.95,30.54,30.54,30.45626138374109,30.45626138374109
7.05,30.5,30.5,30.45797222480588,30.45797222480588
7.15,30.49,30.49,30.458555486046613,30.458555486046613
7.25,30.39,30.39,30.457714789693302,30.457714789693302
7.35,30.49,30.49,30.458055838578574,30.458055838578574
7.45,30.45,30.45,30.45881014995927,30.45881014995927
7.55,30.56,30.56,30.462487584238257,30.462487584238257
7.65,30.45,30.45,30.4627423150896,30.4627423150896
7.75,30.39,30.39,30.459744199821372,30.459744199821372
7.85,30.59,30.59,30.463037940269388,30.463037940269388
7.95,30.53,30.53,30.465084095427414,30.465084095427414
8.05,30.53,30.53,30.4679196675287,30.4679196675287
8.15,30.45,30.45,30.468662587405035,30.468662587405035
8.25,30.44,30.44,30.46812931062904,30.46812931062904
8.35,30.58,30.58,30.46921498829895,30.46921498829895
8.45,30.56,30.56,30.471028356752143,30.471028356752143
8.55,30.46,30.46,30.469421252009955,30.469421252009955
8.65,30.55,30.55,30.470966592673587,30.470966592673587
8.75,30.53,30.53,30.473665452728,30.473665452728
8.85,30.55,30.55,30.474855292919024,30.474855292919024
8.95,30.44,30.44,30.47410648168246,30.47410648168246
9.05,30.45,30.45,30.474144451903175,30.474144451903175
9.15,30.44,30.44,30.474574724353566,30.474574724353566
9.25,30.48,30.48,30.47585079862197,30.47585079862197
9.35,30.55,30.55,30.476499150716787,30.476499150716787
9.45,30.57,30.57,30.47858785479745,30.47858785479745
9.55,30.44,30.44,30.47878013972614,30.47878013972614
9.65,30.47,30.47,30.478594891084327,30.478594891084327
9.75,30.45,30.45,30.479137999611655,30.479137999611655
9.85,30.52,30.52,30.481125481832,30.481125481832
9.95,30.5,30.5,30.480313845611636,30.480313845611636
10.05,30.49,30.49,30.479878878180898,30.479878878180898
10.15,30.49,30.49,30.478613902520053,30.478613902520053
10.25,30.48,30.48,30.479618429202656,30.479618429202656
10.35,30.58,30.58,30.482070796528472,30.482070796528472
10.45,30.5,30.5,30.483400399366495,30.483400399366495
10.55,30.52,30.52,30.48338874944347,30.48338874944347
10.65,30.47,30.47,30.482783696405786,30.482783696405786
10.75,30.49,30.49,30.483055241262267,30.483055241262267
10.85,30.45,30.45,30.481383933283272,30.481383933283272
10.95,30.54,30.54,30.48211682046699,30.48211682046699
11.05,30.43,30.43,30.48003106161174,30.48003106161174
11.15,30.45,30.45,30.479578070905415,30.479578070905415
11.25,30.52,30.52,30.48094375926894,30.48094375926894
11.35,30.42,30.42,30.47915044505262,30.47915044505262
11.45,30.42,30.42,30.477811145166253,30.477811145166253
11.55,30.57,30.57,30.480376999890623,30.480376999890623
11.65,30.56,30.56,30.48165010081087,30.48165010081087
11.75,30.57,30.57,30.48456356206516,30.48456356206516
11.85,30.44,30.44,30.484086433733832,30.484086433733832
11.95,30.48,30.48,30.485155901305223,30.485155901305223
12.05,30.59,30.59,30.48777098570262,30.48777098570262
12.15,30.45,30.45,30.48686351354534,30.48686351354534
12.25,30.46,30.46,30.487739731073134,30.487739731073134
12.35,30.58,30.58,30.48838092733647,30.48838092733647
12.45,30.41,30.41,30.48752068450321,30.48752068450321
12.55,30.44,30.44,30.48627979779363,30.48627979779363
12.65,30.54,30.54,30.48787675894569,30.48787675894569
12.75,30.51,30.51,30.48757269098105,30.48757269098105
12.85,30.56,30.56,30.488382269059972,30.488382269059972
12.95,30.47,30.47,30.48931264956551,30.48931264956551
13.05,30.43,30.43,30.48840003580529,30.48840003580529
13.15,30.46,30.46,30.488261603948583,30.488261603948583
13.25,30.42,30.42,30.487030301037166,30.487030301037166
13.35,30.45,30.45,30.48552395027143,30.48552395027143
13.45,30.51,30.51,30.485683817635053,30.485683817635053
13.55,30.54,30.54,30.487029080575937,30.487029080575937
13.65,30.58,30.58,30.488716237974707,30.488716237974707
13.75,30.49,30.49,30.488589664389128,30.488589664389128
13.85,30.48,30.48,30.488970160303232,30.488970160303232
13.95,30.57,30.57,30.489918046986173,30.489918046986173
14.05,30.56,30.56,30.49096729202307,30.49096729202307
14.15,30.57,30.57,30.49317788907126,30.49317788907126
14.25,30.55,30.55,30.495405768118612,30.495405768118612
14.35,30.52,30.52,30.49471433506409,30.49471433506409
14.45,30.58,30.58,30.49518792002,30.49518792002
14.55,30.56,30.56,30.49601379186973,30.49601379186973
14.65,30.54,30.54,30.496989896358947,30.496989896358947
14.75,30.49,30.49,30.495509948884205,30.495509948884205
14.85,30.52,30.52,30.49726891406593,30.49726891406593
14.95,30.57,30.57,30.498104403502023,30.498104403502023
15.05,30.44,30.44,30.496092217711627,30.496092217711627
15.15,30.51,30.51,30.495317871714207,30.495317871714207
15.25,30.45,30.45,30.4932816633755,30.4932816633755
15.35,30.58,30.58,30.49638514661484,30.49638514661484
15.45,30.49,30.49,30.4955343883422,30.4955343883422
15.55,30.48,30.48,30.49535334923632,30.49535334923632
15.65,30.53,30.53,30.49587925521542,30.49587925521542
15.75,30.44,30.44,30.493621076287766,30.493621076287766
15.85,30.59,30.59,30.495064012843667,30.495064012843667
15.95,30.57,30.57,30.4964035834742,30.4964035834742
16.05,30.43,30.43,30.496136132417654,30.496136132417654
16.15,30.58,30.58,30.498891524673493,30.498891524673493
16.25,30.51,30.51,30.497804367050893,30.497804367050893
16.35,30.53,30.53,30.498407239819077,30.498407239819077
16.45,30.57,30.57,30.498786317161,30.498786317161
16.55,30.53,30.53,30.50023936252641,30.50023936252641
16.65,30.58,30.58,30.50279128993255,30.50279128993255
16.75,30.51,30.51,30.50265892402168,30.50265892402168
16.85,30.55,30.55,30.50256027520609,30.50256027520609
16.95,30.5,30.5,30.501192425049698,30.501192425049698
17.05,30.43,30.43,30.50122144329117,30.50122144329117
17.15,30.57,30.57,30.502143092589474,30.502143092589474
17.25,30.47,30.47,30.501237648262673,30.501237648262673
17.35,30.45,30.45,30.498935234137978,30.498935234137978
17.45,30.42,30.42,30.49699556065693,30.49699556065693
17.55,30.57,30.57,30.499754328037028,30.499754328037028
17.65,30.56,30.56,30.507436277364896,30.507436277364896
17.75,30.52,30.52,30.519633014118604,30.519633014118604
17.85,30.56,30.56,30.53595199671554,30.53595199671554
17.95,30.54,30.54,30.553607209322806,30.553607209322806
18.05,30.5,30.5,30.57107346652408,30.57107346652408
18.15,30.67,30.67,30.593657228059342,30.593657228059342
18.25,30.64,30.64,30.61677295609057,30.61677295609057
18.35,30.57,30.57,30.641655303125216,30.641655303125216
18.45,30.59,30.59,30.669703793731895,30.669703793731895
18.55,30.59,30.59,30.700797505877063,30.700797505877063
18.65,30.8,30.8,30.738764310577764,30.738764310577764
18.75,30.71,30.71,30.776175042441686,30.776175042441686
18.85,30.83,30.83,30.815741745071882,30.815741745071882
18.95,30.85,30.85,30.856113471466916,30.856113471466916
19.05,30.89,30.89,30.897992501477134,30.897992501477134
19.15,30.94,30.94,30.940091832545203,30.940091832545203
19.25,30.97,30.97,30.98135075157539,30.98135075157539
19.35,30.96,30.96,31.028111203763608,31.028111203763608
19.45,31.12,31.12,31.08718344974088,31.08718344974088
19.55,31.15,31.15,31.151216696508847,31.151216696508847
19.65,31.14,31.14,31.221346078841698,31.221346078841698
19.75,31.18,31.18,31.29655760858819,31.29655760858819
19.85,31.38,31.38,31.3780836960909,31.3780836960909
19.95,31.38,31.38,31.46206977348037,31.46206977348037
20.05,31.46,31.46,31.5476419868822,31.5476419868822
20.15,31.57,31.57,31.635051895373238,31.635051895373238
20.25,31.65,31.65,31.724303207817503,31.724303207817503
20.35,31.79,31.79,31.816073774945508,31.816073774945508
20.45,31.94,31.94,31.911262008432608,31.911262008432608
20.55,31.89,31.89,32.00434710026822,32.00434710026822
20.65,32.01,32.01,32.10037210488593,32.10037210488593
20.75,32.15,32.15,32.197099722802825,32.197099722802825
20.85,32.22,32.22,32.2921605567499,32.2921605567499
20.95,32.45,32.45,32.390207582991785,32.390207582991785
21.05,32.44,32.44,32.48784867937412,32.48784867937412
21.15,32.54,32.54,32.58695752956598,32.58695752956598
21.25,32.7,32.7,32.68783180543596,32.68783180543596
21.35,32.67,32.67,32.785331148208925,32.785331148208925
21.45,32.93,32.93,32.885877002096095,32.885877002096095
21.55,32.87,32.87,32.98443894233229,32.98443894233229
21.65,33.12,33.12,33.0856759749075,33.0856759749075
21.75,33.15,33.15,33.18490935291019,33.18490935291019
21.85,33.25,33.25,33.284724809453785,33.284724809453785
21.95,33.33,33.33,33.38409622696224,33.38409622696224
22.05,33.47,33.47,33.4845641675136,33.4845641675136
22.15,33.52,33.52,33.583411471351745,33.583411471351745
22.25,33.55,33.55,33.68095357544353,33.68095357544353
22.35,33.82,33.82,33.78308253905752,33.78308253905752
22.45,33.84,33.84,33.881472124640766,33.881472124640766
22.55,33.97,33.97,33.980770538537605,33.980770538537605
22.65,34.15,34.15,34.083498340370554,34.083498340370554
22.75,34.09,34.09,34.183176768954795,34.183176768954795
22.85,34.18,34.18,34.281934206531275,34.281934206531275
22.95,34.4,34.4,34.38214830028655,34.38214830028655
23.05,34.46,34.46,34.482148534175906,34.482148534175906
23.15,34.64,34.64,34.58212941905772,34.58212941905772
23.25,34.66,34.66,34.68155924880573,34.68155924880573
23.35,34.81,34.81,34.782268406951275,34.782268406951275
23.45,34.81,34.81,34.88234368244088,34.88234368244088
23.55,35.03,35.03,34.98415053807314,34.98415053807314
23.65,35.09,35.09,35.08457217220331,35.08457217220331
23.75,35.08,35.08,35.17717535183649,35.17717535183649
23.85,35.3,35.3,35.25646154209672,35.25646154209672
23.95,35.41,35.41,35.32110477285564,35.32110477285564
24.05,35.28,35.28,35.372581463104794,35.372581463104794
24.15,35.44,35.44,35.41532320781154,35.41532320781154
24.25,35.39,35.39,35.450583154006914,35.450583154006914
24.35,35.51,35.51,35.47987520962284,35.47987520962284
24.45,35.45,35.45,35.50304683552928,35.50304683552928
24.55,35.63,35.63,35.523458508826664,35.523458508826664
24.65,35.61,35.61,35.54136763917638,35.54136763917638
24.75,35.61,35.61,35.555913959305265,35.555913959305265
24.85,35.49,35.49,35.56423870507174,35.56423870507174
24.95,35.68,35.68,35.57417944317032,35.57417944317032
25.05,35.53,35.54388888888889,35.58122299962977,35.58149035156054
25.15,35.5,35.541666666666664,35.58610371378872,35.58716766719233
25.25,35.63,35.699444444444445,35.59214143835872,35.59452044252791
25.35,35.57,35.66722222222222,35.59489003819102,35.599091950960826
25.45,35.58,35.705,35.59678269233576,35.603304985070416
25.55,35.67,35.82277777777778,35.60139232136893,35.61072228020901
25.65,35.64,35.82055555555556,35.6040934507125,35.61670837414654
25.75,35.71,35.91833333333334,35.608868258547325,35.62523565137089
25.85,35.63,35.86611111111112,35.609856165742755,35.63043392946703
25.95,35.67,35.93388888888889,35.611134992999304,35.63637161277013
26.05,35.55,35.84166666666666,35.60976383685233,35.64009856493966
26.15,35.65,35.96944444444444,35.611999961166255,35.647862997083095
26.25,35.57,35.91722222222222,35.610455617984115,35.65226828529285
26.35,35.68,36.055,35.613002778758684,35.66117769862194
26.45,35.7,36.10277777777778,35.61388292372872,35.66882418526091
26.55,35.68,36.11055555555556,35.61467341728204,35.67677674475678
26.65,35.72,36.178333333333335,35.61767981976014,35.687332736727846
26.75,35.62,36.10611111111111,35.618616594697784,35.69619858506695
26.85,35.59,36.10388888888889,35.61695659075386,35.70283925688852
26.95,35.69,36.23166666666666,35.61771219936073,35.71225941724582
27.05,35.6,36.169444444444444,35.61688634797799,35.72045441950353
27.15,35.67,36.26722222222222,35.61855098682952,35.73148878924365
27.25,35.57,36.195,35.61644727508257,35.739096407662586
27.35,35.7,36.35277777777778,35.61830610008604,35.751001028075976
27.45,35.53,36.21055555555556,35.61528892230443,35.75835711816679
27.55,35.64,36.348333333333336,35.6167779391014,35.77054002112988
27.65,35.6,36.33611111111111,35.61786423142396,35.782634099763314
27.75,35.55,36.31388888888888,35.617112616549726,35.79319758666807
27.85,35.7,36.49166666666667,35.617839307524356,35.805540241182634
27.95,35.55,36.36944444444444,35.61654992477977,35.8161613585422
28.05,35.72,36.56722222222222,35.618818031686565,35.83062830301528
28.15,35.65,36.525,35.620284218608376,35.844575589584686
28.25,35.58,36.48277777777778,35.619810125904394,35.85685890461857
28.35,35.68,36.61055555555556,35.620134887270744,35.87021154692132
28.45,35.72,36.678333333333335,35.62191828213403,35.88528757787708
28.55,35.62,36.60611111111111,35.623007795395104,35.8999288789833
28.65,35.61,36.623888888888885,35.62274281201082,35.913469344261436
28.75,35.6,36.641666666666666,35.6228838310188,35.92766409214898
28.85,35.63,36.699444444444445,35.6229919898556,35.94206898772296
28.95,35.54,36.63722222222222,35.62195905331599,35.955570629601596
29.05,35.61,36.735,35.62173316297346,35.97011209734393
29.15,35.58,36.73277777777778,35.62191302124414,35.98528713352883
29.25,35.55,36.730555555555554,35.619653424699095,35.99824567511781
29.35,35.57,36.778333333333336,35.61943000460397,36.013458592080035
29.45,35.6,36.836111111111116,35.62037708720633,36.03005554579931
29.55,35.62,36.88388888888888,35.62136570904004,36.04690300253175
29.65,35.7,36.99166666666667,35.62369610515571,36.06529671982274
29.75,35.61,36.92944444444444,35.6248355848798,36.08269962048508
29.85,35.7,37.047222222222224,35.62697439641276,36.101297655448256
29.95,35.56,36.935,35.624184664296536,36.11515873950856
30.05,35.6,37.00277777777778,35.62296768049302,36.130780040721206
30.15,35.64,37.07055555555556,35.622999019885405,36.14783309424577
30.25,35.66,37.11833333333333,35.62353183686451,36.16556709730659
30.35,35.67,37.156111111111116,35.62383345323151,36.18324549549908
30.45,35.58,37.093888888888884,35.62265953396767,36.19962015699191
30.55,35.64,37.181666666666665,35.62182086132669,36.21649814508045
30.65,35.56,37.129444444444445,35.62202781842967,36.23458620027068
30.75,35.7,37.297222222222224,35.623208542712256,36.25380889224291
30.85,35.65,37.275,35.62385409828906,36.272653790759875
30.95,35.6,37.25277777777778,35.622919551832126,36.29007254011539
31.05,35.73,37.410555555555554,35.625821655974335,36.31147854113418
31.15,35.59,37.29833333333334,35.62483177467238,36.32913987515702
31.25,35.59,37.32611111111112,35.62373724473314,36.34684066421451
31.35,35.56,37.32388888888889,35.62220519835737,36.36424489224305
31.45,35.57,37.361666666666665,35.62062834349919,36.381742184141046
31.55,35.6,37.419444444444444,35.621074536709756,36.40139737733333
31.65,35.71,37.55722222222222,35.624027453590394,36.42369119096862
31.75,35.67,37.545,35.6244347970869,36.44356843298136
31.85,35.6,37.50277777777778,35.62523369312935,36.4639633945219
31.95,35.58,37.510555555555555,35.622908011068425,36.48135716920556
32.05,35.53,37.48833333333334,35.62122998048083,36.49951926875288
32.15,35.57,37.55611111111111,35.61965378586539,36.517901216542136
32.25,35.58,37.593888888888884,35.6200038486798,36.538324828523834
32.35,35.67,37.711666666666666,35.62022019496657,36.55872757974524
32.45,35.56,37.629444444444445,35.61963192657911,36.578436074495706
32.55,35.59,37.687222222222225,35.61993499242688,36.59914381649114
32.65,35.54,37.665,35.61822885612609,36.61794787548395
32.75,35.7,37.85277777777778,35.620518979588724,36.640851369830735
32.85,35.66,37.840555555555554,35.62224790970644,36.66329455217408
32.95,35.71,37.91833333333334,35.623621436176315,36.68548096628497
33.05,35.68,37.91611111111111,35.623545824914984,36.7063146795121
33.15,35.7,37.96388888888889,35.624312371684134,36.72808483546069
33.25,35.6,37.891666666666666,35.62412100991198,36.74898926088523
33.35,35.72,38.03944444444444,35.62592540777353,36.771979561858366
33.45,35.68,38.02722222222222,35.62694120140296,36.7942693560893
33.55,35.67,38.045,35.62761758823563,36.816305865388706
33.65,35.71,38.11277777777778,35.62921202725983,36.8393446150599
33.75,35.69,38.120555555555555,35.63021622701159,36.861875421049554
33.85,35.58,38.038333333333334,35.63025205771743,36.88351830126233
33.95,35.59,38.07611111111112,35.62929406850811,36.90424599196222
34.05,35.63,38.14388888888889,35.630295050111634,36.92700950966871
34.15,35.69,38.23166666666666,35.63143490921338,36.949987024735194
34.25,35.59,38.159444444444446,35.62944716175263,36.969910353878795
34.35,35.71,38.30722222222222,35.63141648274816,36.993862509253844
34.45,35.64,38.265,35.63071825305766,37.01521724447362
34.55,35.53,38.18277777777778,35.62976352043527,37.03638401494435
34.65,35.63,38.31055555555556,35.63028711110205,37.05909608872605
34.75,35.57,38.278333333333336,35.628221264005326,37.07928418009584
34.85,35.65,38.38611111111111,35.62732840571164,37.10070922375831
34.95,35.61,38.37388888888889,35.625564814719475,37.121326038488796
35.05,35.55,38.327777777777776,35.625251470956805,37.14318685809107
35.15,35.63,38.40777777777778,35.6243368738345,37.163976915399246
35.25,35.58,38.35777777777778,35.6243260798998,37.18521069213306
35.35,35.55,38.327777777777776,35.62418239257485,37.205860738354524
35.45,35.67,38.44777777777778,35.62564181227851,37.22767212573886
35.55,35.54,38.31777777777778,35.623961950957714,37.24591136520484
35.65,35.59,38.36777777777778,35.62319838971116,37.26464276758788
35.75,35.69,38.467777777777776,35.6255957103686,37.286119478219916
35.85,35.71,38.48777777777778,35.62718954961333,37.3063855340043
35.95,35.6,38.37777777777778,35.62636376906951,37.32383303640795
36.05,35.63,38.40777777777778,35.62543187929754,37.340783578314614
36.15,35.66,38.437777777777775,35.626080508741076,37.35893171578367
36.25,35.64,38.41777777777778,35.627211727779866,37.37718729486889
36.35,35.55,38.327777777777776,35.62588045899412,37.392612864603954
36.45,35.65,38.42777777777778,35.625320232861434,37.408449435376035
36.55,35.67,38.44777777777778,35.62517963940099,37.424352933202904
36.65,35.64,38.41777777777778,35.62588027017045,37.440752144319646
36.75,35.67,38.44777777777778,35.62687129403153,37.45710329349146
36.85,35.66,38.437777777777775,35.62704469622507,37.472305285594025
36.95,35.63,38.40777777777778,35.62608189204253,37.486046321749015
37.05,35.64,38.41777777777778,35.62535430689356,37.49970448181484
37.15,35.59,38.36777777777778,35.62365608260216,37.51208043306584
37.25,35.7,38.47777777777778,35.62542766898905,37.52762102411816
37.35,35.66,38.437777777777775,35.62496980812975,37.540633271492204
37.45,35.62,38.397777777777776,35.626076613856114,37.55491744138013
37.55,35.63,38.40777777777778,35.625015037012155,37.56674651712976
37.65,35.55,38.327777777777776,35.62447305903346,37.57881439501468
37.75,35.61,38.38777777777778,35.62535031604367,37.59202651048468
37.85,35.6,38.37777777777778,35.62372570771703,37.60246744914588
37.95,35.6,38.37777777777778,35.6231190200681,37.61366257163243
38.05,35.71,38.48777777777778,35.624705842080566,37.62679293228203
38.15,35.57,38.34777777777778,35.62392267714356,37.63730039258427
38.25,35.62,38.397777777777776,35.62446727335313,37.648887953460054
38.35,35.69,38.467777777777776,35.624444878909635,37.659666012603175
38.45,35.68,38.45777777777778,35.62622333634523,37.67200746061897
38.55,35.57,38.34777777777778,35.62590746623986,37.68202206661878
38.65,35.69,38.467777777777776,35.62571575801755,37.69193317086249
38.75,35.55,38.327777777777776,35.62372177592789,37.69981909255479
38.85,35.54,38.31777777777778,35.621405949772736,37.707164922355254
38.95,35.56,38.33777777777778,35.620262703442464,37.715469652667444
39.05,35.68,38.45777777777778,35.62276381234526,37.72720953679072
39.15,35.66,38.437777777777775,35.62364100161875,37.73712068882467
39.25,35.65,38.42777777777778,35.62302907866565,37.745342217868235
39.35,35.53,38.30777777777778,35.62158196240897,37.75253225890954
39.45,35.71,38.48777777777778,35.62431682856885,37.76371211970895
39.55,35.62,38.397777777777776,35.62326049662497,37.770912669339694
39.65,35.69,38.467777777777776,35.62599535555498,37.781720265477084
39.75,35.61,38.38777777777778,35.624553720460064,37.78817111254767
39.85,35.54,38.31777777777778,35.62177178111008,37.79310521177132
39.95,35.68,38.45777777777778,35.62207266558753,37.80094942627593
40.05,35.72,38.49777777777778,35.622444350619546,37.80869539287424
40.15,35.58,38.35777777777778,35.61879918448718,37.8122590463926
40.25,35.62,38.397777777777776,35.61358415934705,37.81409089338699
40.35,35.68,38.45777777777778,35.60957765578314,37.81697275806463
40.45,35.54,38.31777777777778,35.60227923955118,37.8164075803739
40.55,35.68,38.45777777777778,35.59496678536318,37.81567654111059
40.65,35.66,38.437777777777775,35.584893928338836,37.812036514667554
40.75,35.65,38.42777777777778,35.57423960214343,37.807669608447725
40.85,35.58,38.35777777777778,35.560945184325305,37.80052030945411
40.95,35.49,38.26777777777778,35.545502899859,37.791083889062946
41.05,35.62,38.397777777777776,35.532861860336,37.78431244342263
41.15,35.46,38.23777777777778,35.5158015733833,37.77298840405874
41.25,35.45,38.22777777777778,35.49859949078532,37.76139208716116
41.35,35.51,38.28777777777778,35.482224446387285,37.7504951326318
41.45,35.51,38.28777777777778,35.4643553531145,37.737979202227486
41.55,35.49,38.26777777777778,35.446038822197124,37.72489359988828
41.65,35.38,38.15777777777778,35.42565050911287,37.7096166187637
41.75,35.42,38.19777777777778,35.40626432819823,37.695224756887875
41.85,35.49,38.26777777777778,35.38882306904559,37.68266333462141
41.95,35.46,38.23777777777778,35.37279957246712,37.671407671641006
42.05,35.44,38.217777777777776,35.35561391877487,37.6588802762267
42.15,35.37,38.147777777777776,35.337294792811804,37.64511221128171
42.25,35.36,38.13777777777778,35.3194527998772,37.631716411228666
42.35,35.36,38.13777777777778,35.30154989643728,37.61815711367328
42.45,35.26,38.03777777777778,35.28051437823339,37.60136484844825
42.55,35.19,37.967777777777776,35.2601162540451,37.585111812294905
42.65,35.18,37.95777777777778,35.240429872420926,37.56947449649564
42.75,35.23,38.007777777777775,35.220918130022405,37.55391789610318
42.85,35.13,37.90777777777778,35.20013702481562,37.537000064001006
42.95,35.2,37.97777777777778,35.182534798685914,37.52317125437099
43.05,35.13,37.90777777777778,35.161793850282336,37.506115836375
43.15,35.19,37.967777777777776,35.14293876348345,37.49086032344246
43.25,35.12,37.897777777777776,35.12218480037192,37.47362186705147
43.35,35.08,37.85777777777778,35.099769637105744,37.454639993391645
43.45,35.15,37.92777777777778,35.074588508056024,37.4328117482788
43.55,35.1,37.87777777777778,35.043916413295115,37.405413905405624
43.65,35.07,37.84777777777778,35.008651384311285,37.373346232804636
43.75,35.01,37.78777777777778,34.96885279385989,37.336669803433765
43.85,34.93,37.70777777777778,34.925394243197466,37.296259883131135
43.95,34.86,37.63777777777778,34.88056957507064,37.254411944311194
44.05,34.8,37.577777777777776,34.83157624237806,37.20832503532068
44.15,34.72,37.49777777777778,34.78216082805344,37.16174730100263
44.25,34.77,37.54777777777778,34.73258102372939,37.11493796202852
44.35,34.75,37.52777777777778,34.68332418669434,37.06838587251086
44.45,34.55,37.327777777777776,34.63527707895684,37.02297925971082
44.55,34.59,37.36777777777778,34.59708174277928,36.987361600203286
44.65,34.58,37.35777777777778,34.56525350302148,36.958049622839724
44.75,34.59,37.36777777777778,34.53979538928068,36.93504773149586
44.85,34.52,37.29777777777778,34.51921613863303,36.91686600840936
44.95,34.56,37.33777777777778,34.50335599120511,36.9033460103362
45.05,34.46,37.23777777777778,34.488122818387154,36.89039689733771
45.15,34.54,37.31777777777778,34.47873732892577,36.883240639436195
45.25,34.56,37.33777777777778,34.470362648365246,36.87704159660847
45.35,34.38,37.15777777777778,34.46047542499636,36.86927762527633
45.45,34.38,37.15777777777778,34.4531417415263,36.86401599050788
45.55,34.54,37.31777777777778,34.44936483015351,36.8622610816136
45.65,34.43,37.20777777777778,34.445941717460514,36.86081105755047
45.75,34.5,37.27777777777778,34.44271968322176,36.859514306231304
45.85,34.52,37.29777777777778,34.44094844344419,36.8596216280572
45.95,34.51,37.28777777777778,34.440451285233785,36.86095737126655
46.05,34.43,37.20777777777778,34.439413018198294,36.861707383810995
46.15,34.36,37.13777777777778,34.43515634592871,36.85919538530094
46.25,34.52,37.29777777777778,34.434678648413346,36.86041974987484
46.35,34.49,37.26777777777778,34.43391058198206,36.86131210658977
46.45,34.35,37.12777777777778,34.43136288986654,36.86038415041952
46.55,34.42,37.19777777777778,34.43148946722574,36.86209070770929
46.65,34.51,37.28777777777778,34.43197820797892,36.864120583429795
46.75,34.48,37.257777777777775,34.43210365267048,36.86574920945487
46.85,34.39,37.16777777777778,34.43205870671605,36.86717036321247
46.95,34.49,37.26777777777778,34.43170846336857,36.868249991047676
47.05,34.32,37.09777777777778,34.429662937416914,36.86759894231057
47.15,34.48,37.257777777777775,34.42927794636703,36.8685738509191
47.25,34.37,37.147777777777776,34.42758795488081,36.868209980172125
47.35,34.33,37.10777777777778,34.42504756952254,36.866962717862826
47.45,34.33,37.10777777777778,34.423549472611185,36.866725510490745
47.55,34.36,37.13777777777778,34.423068933140314,36.867474374534424
47.65,34.36,37.13777777777778,34.42175673289184,36.86736082291097
47.75,34.46,37.23777777777778,34.4218009843427,36.868573683221726
47.85,34.5,37.27777777777778,34.4243249646371,36.87223693205694
47.95,34.43,37.20777777777778,34.423986121400134,36.873008701135184
48.05,34.4,37.17777777777778,34.424113087870836,36.87421829275581
48.15,34.45,37.22777777777778,34.42474518945543,36.875905686665384
48.25,34.34,37.11777777777778,34.422220079266744,36.874409175903985
48.35,34.33,37.10777777777778,34.420547228992106,36.87373885797402
48.45,34.32,37.09777777777778,34.41859862040211,36.87276732664391
48.55,34.38,37.15777777777778,34.41739392630629,36.87251485319287
48.65,34.45,37.22777777777778,34.41658366547401,36.872632541615125
48.75,34.43,37.20777777777778,34.41582573998838,36.872778866251615
48.85,34.42,37.19777777777778,34.41487768564268,36.872711922458585
48.95,34.37,37.147777777777776,34.4146022167381,36.873294971672145
49.05,34.45,37.22777777777778,34.41584954076814,36.87537875635416
49.15,34.45,37.22777777777778,34.41680738905086,36.877151530880774
49.25,34.32,37.09777777777778,34.41541233869148,36.87655038375615
49.35,34.35,37.12777777777778,34.41397950966577,36.875890934941985
49.45,34.43,37.20777777777778,34.41486322255025,36.87752799382897
49.55,34.31,37.08777777777778,34.41253378403077,36.87593234498168
49.65,34.34,37.11777777777778,34.409994911393945,36.87410817286168
49.75,34.46,37.23777777777778,34.41225084051808,36.87706017004543
49.85,34.32,37.09777777777778,34.4091960861877,36.874683297761216
49.95,34.43,37.20777777777778,34.408165114647474,36.87431245866103
50.05,34.47,37.24777777777778,34.410791909984276,36.877582063416185
50.15,34.33,37.10777777777778,34.40824360895817,36.875659665757524
50.25,34.38,37.15777777777778,34.40698403292022,36.875009494598245
50.35,34.5,37.27777777777778,34.407947046071726,36.876565812494036
50.45,34.42,37.19777777777778,34.408487269795,36.877683630170615
50.55,34.49,37.26777777777778,34.41149400712299,36.881252631186186
50.65,34.4,37.17777777777778,34.41056795752279,36.880873886903856
50.75,34.51,37.28777777777778,34.413822981531226,36.88466162131228
50.85,34.42,37.19777777777778,34.41261669618576,36.88397380663785
50.95,34.49,37.26777777777778,34.41526306237352,36.88712475087135
51.05,34.38,37.15777777777778,34.415183001218814,36.887535714329466
51.15,34.47,37.24777777777778,34.41561718655463,36.888447702296695
51.25,34.31,37.08777777777778,34.41472054513594,36.88801596540565
51.35,34.35,37.12777777777778,34.41214082813167,36.88588857129251
51.45,34.43,37.20777777777778,34.412914989404825,36.88710278303743
51.55,34.39,37.16777777777778,34.41201891324756,36.8866347870564
51.65,34.39,37.16777777777778,34.41289745057248,36.88792972944635
51.75,34.35,37.12777777777778,34.41070554198199,36.886142839204936
51.85,34.38,37.15777777777778,34.41128019339501,36.88711140400477
51.95,34.41,37.187777777777775,34.41081218687427,36.887026481165066
52.05,34.39,37.16777777777778,34.411535291369944,36.888122108536706
52.15,34.47,37.24777777777778,34.41265333273851,36.8896023746596
52.25,34.51,37.28777777777778,34.414545559736894,36.8918467848925
52.35,34.49,37.26777777777778,34.415707251111385,36.893350868634705
52.45,34.49,37.26777777777778,34.417259613636986,36.89523607749553
52.55,34.4,37.17777777777778,34.418225490839504,36.896525494143795
52.65,34.35,37.12777777777778,34.41803884530547,36.896653314742444
52.75,34.47,37.24777777777778,34.419564855581285,36.89848494596991
52.85,34.46,37.23777777777778,34.42074777644013,36.89996486540656
52.95,34.46,37.23777777777778,34.4215976879649,36.901103370734816
53.05,34.37,37.147777777777776,34.419861520363995,36.899647604669596
53.15,34.47,37.24777777777778,34.41978298249566,36.89984148359495
53.25,34.37,37.147777777777776,34.41982871377154,36.900151849577526
53.35,34.47,37.24777777777778,34.42119774883772,36.90177793515531
53.45,34.44,37.217777777777776,34.42093321365181,36.901763059520036
53.55,34.34,37.11777777777778,34.41921186597416,36.90028416911163
53.65,34.39,37.16777777777778,34.41722082232773,36.89852856467902
53.75,34.33,37.10777777777778,34.415687041445544,36.89722338482659
53.85,34.51,37.28777777777778,34.41705349782752,36.8988117796677
53.95,34.43,37.20777777777778,34.417267769992584,36.899241499171666
54.05,34.51,37.28777777777778,34.4180377086565,36.90022056143429
54.15,34.45,37.22777777777778,34.41848722732844,36.900873043365294
54.25,34.32,37.09777777777778,34.41774829487141,36.900331073337625
54.35,34.51,37.28777777777778,34.4180656762903,36.900839572062516
54.45,34.31,37.08777777777778,34.417296178156725,36.9002554980995
54.55,34.51,37.28777777777778,34.41964545278457,36.902784652115315
54.65,34.38,37.15777777777778,34.417696043680536,36.90100972241609
54.75,34.44,37.217777777777776,34.417504794980395,36.90098769446341
54.85,34.47,37.24777777777778,34.41864512159906,36.90229212110256
54.95,34.39,37.16777777777778,34.412795837421605,36.896601950830075
55.05,34.49,37.26777777777778,34.39770236087504,36.881662733440365
55.15,34.43,37.20777777777778,34.37286107311243,36.856970978283115
55.25,34.27,37.04777777777778,34.339064347906834,36.82331918422889
55.35,34.32,37.09777777777778,34.30271659652474,36.787111884612806
55.45,34.23,37.007777777777775,34.260318859959334,36.744850239536405
55.55,34.13,36.90777777777778,34.213160713607856,36.69782394061226
55.65,34.22,36.99777777777778,34.16476990343784,36.64956084719593
55.75,34.19,36.967777777777776,34.11349935209868,36.59841399256189
55.85,34.17,36.94777777777778,34.061486389201455,36.5465208142463
55.95,34.05,36.827777777777776,34.00624848614261,36.4913988889323
56.05,33.95,36.72777777777778,33.94694933976652,36.43221201617283
56.15,33.99,36.76777777777778,33.89094185335488,36.376313199439
56.25,33.93,36.70777777777778,33.83286653137306,36.31834304092413
56.35,33.72,36.49777777777778,33.77233818935913,36.257916451489265
56.45,33.74,36.51777777777778,33.710951264046116,36.196627960840594
56.55,33.64,36.41777777777778,33.64949913706442,36.135271041285954
56.65,33.53,36.30777777777778,33.58572592455049,36.071589897396315
56.75,33.6,36.37777777777778,33.525263610949004,36.0112165998597
56.85,33.44,36.217777777777776,33.468759352414985,35.954798388933845
56.95,33.47,36.24777777777778,33.4248595979098,35.91098179559173
57.05,33.47,36.24777777777778,33.38982074405092,35.87602329641968
57.15,33.3,36.077777777777776,33.357245863208576,35.84352604176141
57.25,33.41,36.187777777777775,33.33308774398781,35.81944289624636
57.35,33.37,36.147777777777776,33.31345684336376,35.79988439097027
57.45,33.37,36.147777777777776,33.29810599011264,35.784603426970484
57.55,33.24,36.01777777777778,33.282899578226115,35.769464468683644
57.65,33.24,36.01777777777778,33.27086104665693,35.757491023733685
57.75,33.27,36.04777777777778,33.2604312925059,35.74712405616028
57.85,33.32,36.09777777777778,33.25441139140467,35.74116470684216
57.95,33.13,35.90777777777778,33.245103430099036,35.73191512612002
58.05,33.24,36.01777777777778,33.23854591496374,35.72541388235013
58.15,33.22,35.99777777777778,33.232899510582946,35.71982170052271
58.25,33.18,35.95777777777778,33.22727643185816,35.714250854406856
58.35,33.16,35.937777777777775,33.222637687397615,35.7096624099763
58.45,33.11,35.88777777777778,33.21736993074617,35.70444307667466
58.55,33.23,36.007777777777775,33.21591050440126,35.70303025146604
58.65,33.15,35.92777777777778,33.21422926425973,35.701393843315834
58.75,33.16,35.937777777777775,33.21214160302852,35.69934929663447
58.85,33.18,35.95777777777778,33.21071168156119,35.69796082264639
58.95,33.19,35.967777777777776,33.2086802623585,35.69596923292221
59.05,33.27,36.04777777777778,33.209329345183676,35.69665657502508
59.15,33.24,36.01777777777778,33.208277695491844,35.6956416609703
59.25,33.12,35.897777777777776,33.205607937570825,35.69300716039574
59.35,33.23,36.007777777777775,33.206064473836676,35.69349751988631
59.45,33.22,35.99777777777778,33.20558860103785,35.69305407920642
59.55,33.1,35.87777777777778,33.20448659885668,35.69198315992908
59.65,33.26,36.03777777777778,33.20637273906835,35.69389907462193
59.75,33.21,35.98777777777778,33.20604578509528,35.69360062642802
59.85,33.18,35.95777777777778,33.20542815762761,35.69301027471213
59.95,33.25,36.02777777777778,33.20606315373768,35.69367135420047
60.05,33.1,35.87777777777778,33.20302392327237,35.69065705139771
60.15,33.24,36.01777777777778,33.203456735970065,35.69111367172805
60.25,33.24,36.01777777777778,33.20315352457436,35.69083318267246
60.35,33.25,36.02777777777778,33.204628045879986,35.69232937483769
60.45,33.26,36.03777777777778,33.20567692193814,35.69339890318405
60.55,33.12,35.897777777777776,33.2034711324567,35.69121277944762
60.65,33.21,35.98777777777778,33.20212697174365,35.68988732910524
60.75,33.1,35.87777777777778,33.200419138455544,35.68819728114388
60.85,33.27,36.04777777777778,33.202197456838974,35.6899924893227
60.95,33.15,35.92777777777778,33.199747716568424,35.68755877203091
61.05,33.13,35.90777777777778,33.19974153782884,35.687567777389965
61.15,33.25,36.02777777777778,33.201164423142195,35.689005035099264
61.25,33.09,35.86777777777778,33.19841376457689,35.68626796366426
61.35,33.25,36.02777777777778,33.19855153897918,35.68641856564614
61.45,33.12,35.897777777777776,33.19819437325143,35.68607349295797
61.55,33.23,36.007777777777775,33.19821935551986,35.68610985804987
61.65,33.1,35.87777777777778,33.196023955444815,35.68392515423629
61.75,33.16,35.937777777777775,33.195740416397676,35.68365164788964
61.85,33.17,35.94777777777778,33.19636348681849,35.68428410981411
61.95,33.14,35.91777777777778,33.195086658268494,35.68301605331411
62.05,33.22,35.99777777777778,33.196852970744914,35.684790539524606
62.15,33.29,36.06777777777778,33.198907222571414,35.68685238731667
62.25,33.22,35.99777777777778,33.199130564042235,35.687082766956486
62.35,33.22,35.99777777777778,33.19977348500196,35.68773218769952
62.45,33.19,35.967777777777776,33.19914249589625,35.6871071788554
62.55,33.1,35.87777777777778,33.19764896187751,35.6856191239074
62.65,33.27,36.04777777777778,33.19944657954501,35.687421737265964
62.75,33.1,35.87777777777778,33.198402027265445,35.686381714602476
62.85,33.28,36.05777777777778,33.19967797516793,35.68766174285708
62.95,33.24,36.01777777777778,33.19909781873347,35.6870852338407
63.05,33.22,35.99777777777778,33.20092352644864,35.68891417190094
63.15,33.09,35.86777777777778,33.19861022941093,35.686603703539426
63.25,33.23,36.007777777777775,33.20046972153184,35.68846563762656
63.35,33.28,36.05777777777778,33.202420474040125,35.69041845991617
63.45,33.14,35.91777777777778,33.20047447810104,35.688474175675886
63.55,33.12,35.897777777777776,33.19904183735866,35.687042902240314
63.65,33.11,35.88777777777778,33.19858748454684,35.68658958563263
63.75,33.24,36.01777777777778,33.19822857296063,35.68623139204635
63.85,33.23,36.007777777777775,33.198113753951205,35.68611698535035
63.95,33.18,35.95777777777778,33.19655670131892,35.68456005149181
64.05,33.16,35.937777777777775,33.19656133830403,35.684564525496555
64.15,33.26,36.03777777777778,33.196319529115826,35.68432228300762
64.25,33.17,35.94777777777778,33.194781812734966,35.68278387409674
64.35,33.2,35.97777777777778,33.194183682547184,35.682184802907024
64.45,33.27,36.04777777777778,33.19666631378668,35.68466625510508
64.55,33.2,35.97777777777778,33.19581987016557,35.683818404519016
64.65,33.11,35.88777777777778,33.19402055872245,35.68201746799534
64.75,33.1,35.87777777777778,33.19824245547764,35.68623753106228
64.85,33.26,36.03777777777778,33.21216046294564,35.70015350545026
64.95,33.28,36.05777777777778,33.23199552867828,35.71998634764269
65.05,33.26,36.03777777777778,33.2551103299689,35.74309874358776
65.15,33.22,35.99777777777778,33.27773396400839,35.76571979886184
65.25,33.2,35.97777777777778,33.30386320464479,35.791846295436265
65.35,33.25,36.02777777777778,33.33345897710811,35.821439166409164
65.45,33.45,36.22777777777778,33.36793470570136,35.85591184370334
65.55,33.47,36.24777777777778,33.401897272453006,35.889871216725396
65.65,33.5,36.27777777777778,33.43862630460081,35.92659691985609
65.75,33.51,36.28777777777778,33.474212044758545,35.962179202623396
65.85,33.49,36.26777777777778,33.51155595483103,35.999519533623776
65.95,33.46,36.23777777777778,33.545668904156955,36.03362878867098
66.05,33.52,36.29777777777778,33.578789205123314,36.06674528641644
66.15,33.51,36.28777777777778,33.60641426413507,36.094366439324645
66.25,33.58,36.35777777777778,33.62905268099257,36.11700085305619
66.35,33.59,36.36777777777778,33.64634123748517,36.13428531506683
66.45,33.56,36.33777777777778,33.6619023615647,36.14984225878635
66.55,33.71,36.48777777777778,33.6769267004655,36.16486233674372
66.65,33.65,36.42777777777778,33.68638685859736,36.17431815846516
66.75,33.71,36.48777777777778,33.695453453254316,36.18338034618788
66.85,33.65,36.42777777777778,33.701589596859286,36.18951201710951
66.95,33.71,36.48777777777778,33.70764706671028,36.195564953139026
67.05,33.76,36.53777777777778,33.71477932961834,36.20269262553928
67.15,33.65,36.42777777777778,33.71628541470655,36.20419406773047
67.25,33.64,36.41777777777778,33.716762283335946,36.204666245220416
67.35,33.65,36.42777777777778,33.71810642247316,36.20600564897643
67.45,33.65,36.42777777777778,33.71880516407208,36.20669961481112
67.55,33.71,36.48777777777778,33.719692853402215,36.20758249171482
67.65,33.68,36.45777777777778,33.71913403023357,36.207018823044336
67.75,33.71,36.48777777777778,33.719133023857786,36.207012941547994
67.85,33.73,36.507777777777775,33.72135491125588,36.209229927537045
67.95,33.69,36.467777777777776,33.72127825134582,36.20914834313693
68.05,33.79,36.56777777777778,33.72290055005684,36.210765697365105
68.15,33.67,36.44777777777778,33.72109004253392,36.208950228339
68.25,33.72,36.49777777777778,33.72120825230032,36.2090634624419
68.35,33.79,36.56777777777778,33.723404857216835,36.2112550802855
68.45,33.78,36.55777777777778,33.72523006984151,36.21307529707281
68.55,33.72,36.49777777777778,33.726638749319754,36.21447897449139
68.65,33.79,36.56777777777778,33.72850772889651,36.216342948228515
68.75,33.66,36.437777777777775,33.72683920801151,36.214669420069434
68.85,33.72,36.49777777777778,33.72637486375772,36.214200069358654
68.95,33.75,36.52777777777778,33.727951222529946,36.215771424651386
69.05,33.64,36.41777777777778,33.72714286530148,36.21495806899289
69.15,33.67,36.44777777777778,33.725450904406664,36.2132611167037
69.25,33.76,36.53777777777778,33.72683666710497,36.214641896946304
69.35,33.66,36.437777777777775,33.72580048322425,36.213600741370925
69.45,33.81,36.58777777777778,33.72715437199553,36.21494967095274
69.55,33.77,36.54777777777778,33.72811039737688,36.21590075131815
69.65,33.67,36.44777777777778,33.72583929952344,36.21362472421716
69.75,33.75,36.52777777777778,33.72685404187419,36.21463455461237
69.85,33.68,36.45777777777778,33.72468602183856,36.2124616413678
69.95,33.66,36.437777777777775,33.724596698102644,36.2123674445573
70.05,33.78,36.55777777777778,33.72624921694717,36.21401511178454
70.15,33.8,36.577777777777776,33.728837579924736,36.21659864586232
70.25,33.67,36.44777777777778,33.72628690085833,36.21404316181305
70.35,33.68,36.45777777777778,33.72668877543107,36.21444025646044
70.45,33.79,36.56777777777778,33.72925055336386,36.21699728060898
70.55,33.84,36.61777777777778,33.73224912186592,36.21999112249634
70.65,33.77,36.54777777777778,33.73442215634287,36.222159458503235
70.75,33.79,36.56777777777778,33.73506929735319,36.22280193011155
70.85,33.84,36.61777777777778,33.73807299961052,36.22580099290839
70.95,33.75,36.52777777777778,33.73900232713303,36.22672571173702
71.05,33.78,36.55777777777778,33.740354505333514,36.228073312788595
71.15,33.73,36.507777777777775,33.740536002365566,36.22825026494986
71.25,33.67,36.44777777777778,33.73856231082891,36.22627206150997
71.35,33.71,36.48777777777778,33.738134116859094,36.22583938925167
71.45,33.65,36.42777777777778,33.735708191331874,36.223409019657076
71.55,33.81,36.58777777777778,33.73570817023691,36.22340458928278
71.65,33.83,36.60777777777778,33.7362113526131,36.22390339769649
71.75,33.82,36.59777777777778,33.73681944869364,36.22450715562343
71.85,33.8,36.577777777777776,33.738055156870296,36.225738561911854
71.95,33.81,36.58777777777778,33.738606548795026,36.22628568863591
72.05,33.76,36.53777777777778,33.73863233312723,36.226307244844094
72.15,33.65,36.42777777777778,33.73564490730584,36.2233156283325
72.25,33.79,36.56777777777778,33.73787795057817,36.225544518674795
72.35,33.83,36.60777777777778,33.740794312826495,36.22845676604992
72.45,33.78,36.55777777777778,33.74269443745393,36.230352814129
72.55,33.7,36.47777777777778,33.74143882666324,36.229093165355216
72.65,33.75,36.52777777777778,33.74219258869685,36.229842928184816
72.75,33.81,36.58777777777778,33.743328880945384,36.230975260196644
72.85,33.82,36.59777777777778,33.7442159983842,36.23185845652961
72.95,33.65,36.42777777777778,33.74110902275681,36.22874759906704
73.05,33.78,36.55777777777778,33.741593723460774,36.22922845732347
73.15,33.67,36.44777777777778,33.73991861248665,36.227549543384455
73.25,33.78,36.55777777777778,33.73968910371464,36.22731627120407
73.35,33.8,36.577777777777776,33.74044228467697,36.228065728368094
73.45,33.78,36.55777777777778,33.74004391272602,36.227663672262956
73.55,33.66,36.437777777777775,33.73956664837073,36.22718276341291
73.65,33.67,36.44777777777778,33.73867525100505,36.226287761209214
73.75,33.67,36.44777777777778,33.736516269859955,36.224125214862894
73.85,33.83,36.60777777777778,33.73951144212605,36.22711686152805
73.95,33.65,36.42777777777778,33.73807661666198,36.22567855001093
74.05,33.67,36.44777777777778,33.736634620773465,36.224233107549665
74.15,33.73,36.507777777777775,33.73696490435218,36.22455998395374
74.25,33.8,36.577777777777776,33.7374937795341,36.22508549126302
74.35,33.78,36.55777777777778,33.738459854315835,36.22604823736466
74.45,33.83,36.60777777777778,33.73922869264107,36.22681378608012
74.55,33.8,36.577777777777776,33.73956580888017,36.227147651645375
74.65,33.76,36.53777777777778,33.74000570936168,36.227584340242906
74.75,33.72,36.49777777777778,33.73848094454859,36.226056402178564
74.85,33.76,36.53777777777778,33.73993355261509,36.22750587545881
74.95,33.82,36.59777777777778,33.74122203988833,36.22879126623296
75.05,33.84,36.61777777777778,33.742404621462526,36.229970789407815
75.15,33.66,36.437777777777775,33.741121761850614,36.228684909299744
75.25,33.68,36.45777777777778,33.74069144328033,36.22825160793126
75.35,33.84,36.61777777777778,33.74292494556881,36.23048216490601
75.45,33.82,36.59777777777778,33.74469170664785,36.2322460179345
75.55,33.75,36.52777777777778,33.74383631404558,36.23138775431618
75.65,33.72,36.49777777777778,33.743974246575526,36.23152285262888
75.75,33.76,36.53777777777778,33.74570468393149,36.23325049232409
75.85,33.83,36.60777777777778,33.74764573110285,36.23518877814263
75.95,33.75,36.52777777777778,33.74725165279027,36.23479197453072
76.05,33.8,36.577777777777776,33.749137022908144,36.23667465514281
76.15,33.69,36.467777777777776,33.74897135869771,36.23650633695493
76.25,33.82,36.59777777777778,33.75006849525589,36.237600854793996
76.35,33.67,36.44777777777778,33.748223227441535,36.23575300324425
76.45,33.65,36.42777777777778,33.747626696912576,36.23515392368477
76.55,33.66,36.437777777777775,33.746519527339906,36.234044239503646
76.65,33.77,36.54777777777778,33.74564407274347,36.23316630443433
76.75,33.75,36.52777777777778,33.745572240099676,36.23309202516335
76.85,33.67,36.44777777777778,33.74296771455937,36.230485086548526
76.95,33.73,36.507777777777775,33.744133285209664,36.23164827738106
77.05,33.68,36.45777777777778,33.74316573999298,36.23067838530484
77.15,33.72,36.49777777777778,33.74314215741612,36.23065248852572
77.25,33.68,36.45777777777778,33.74149540398174,36.22900345324322
77.35,33.66,36.437777777777775,33.74037477133331,36.22788057079578
77.45,33.79,36.56777777777778,33.74150034871067,36.22900393011643
77.55,33.79,36.56777777777778,33.74314320529417,36.230644600077156
77.65,33.83,36.60777777777778,33.74596198501919,36.233461224303696
77.75,33.8,36.577777777777776,33.746666581835264,36.23416369643474
77.85,33.76,36.53777777777778,33.748039956126995,36.235534976543114
77.95,33.73,36.507777777777775,33.746367741198256,36.233860697620116
78.05,33.67,36.44777777777778,33.74541896966995,36.23290989197345
78.15,33.7,36.47777777777778,33.74378148499214,36.231270402739526
78.25,33.75,36.52777777777778,33.74401966006716,36.231506602506705
78.35,33.72,36.49777777777778,33.744262501490226,36.231747497556114
78.45,33.68,36.45777777777778,33.743738399477834,36.231221477790115
78.55,33.68,36.45777777777778,33.74308881920862,36.230570008073364
78.65,33.65,36.42777777777778,33.7412621665357,36.228741493945236
78.75,33.66,36.437777777777775,33.738814443651634,36.22629193728496
78.85,33.68,36.45777777777778,33.73681877690171,36.22429446412499
78.95,33.81,36.58777777777778,33.73834413428166,36.22581804214886
79.05,33.8,36.577777777777776,33.73936996036051,36.22684211561412
79.15,33.64,36.41777777777778,33.73874728966185,36.22621771873374
79.25,33.71,36.48777777777778,33.73761881118335,36.225087540195716
79.35,33.8,36.577777777777776,33.737639514867595,36.225106569633994
79.45,33.74,36.51777777777778,33.73839458421424,36.22585999024074
79.55,33.68,36.45777777777778,33.738661106770465,36.22612488925688
79.65,33.79,36.56777777777778,33.74046854894814,36.227930732789304
79.75,33.83,36.60777777777778,33.74143430244191,36.22889491222911
79.85,33.73,36.507777777777775,33.739896982535704,36.227356042558114
79.95,33.8,36.577777777777776,33.740765143141154,36.2282226773874
80.05,33.64,36.41777777777778,33.739942646069814,36.227398678229584
80.15,33.82,36.59777777777778,33.741312424684665,36.22876697815036
80.25,33.72,36.49777777777778,33.74031126520678,36.227764363075295
80.35,33.69,36.467777777777776,33.740593152028936,36.228044817103424
80.45,33.66,36.437777777777775,33.73976755235965,36.2272178071514
80.55,33.65,36.42777777777778,33.73829650563173,36.22574537236205
80.65,33.7,36.47777777777778,33.73610218211421,36.22354968271641
80.75,33.83,36.60777777777778,33.739163132778806,36.22660928890019
80.85,33.68,36.45777777777778,33.73846270124218,36.2259075342461
80.95,33.83,36.60777777777778,33.739378028966364,36.226821559934315
81.05,33.67,36.44777777777778,33.73659049861097,36.22403274834472
81.15,33.72,36.49777777777778,33.7348426078325,36.22228359685624
81.25,33.71,36.48777777777778,33.73564582625397,36.22308557481655
81.35,33.83,36.60777777777778,33.738027898582295,36.22546642665943
81.45,33.83,36.60777777777778,33.74037041136538,36.227807738661916
81.55,33.84,36.61777777777778,33.742532849777774,36.22996899572998
81.65,33.7,36.47777777777778,33.7418238891265,36.2292588729044
81.75,33.71,36.48777777777778,33.74065346815254,36.228087308662225
81.85,33.72,36.49777777777778,33.73847642400024,36.225909139886255
81.95,33.65,36.42777777777778,33.73367739482884,36.22110900447654
82.05,33.81,36.58777777777778,33.73011922117698,36.217549742714944
82.15,33.79,36.56777777777778,33.726094731469786,36.21352418277222
82.25,33.66,36.437777777777775,33.71829426787763,36.2057226665668
82.35,33.79,36.56777777777778,33.711422081337524,36.19884944478619
82.45,33.74,36.51777777777778,33.70368153269914,36.191107878033016
82.55,33.8,36.577777777777776,33.69629530600157,36.183720650101776
82.65,33.61,36.38777777777778,33.68584027656381,36.17326463606935
82.75,33.72,36.49777777777778,33.678148511046665,36.16557190235689
82.85,33.76,36.53777777777778,33.67047135114629,36.15789379042337
82.95,33.61,36.38777777777778,33.66088212276346,36.14830362593489
83.05,33.62,36.397777777777776,33.651440387097175,36.13886096985826
83.15,33.65,36.42777777777778,33.64109022976935,36.12850990758566
83.25,33.66,36.437777777777775,33.63105700900507,36.118475797114975
83.35,33.59,36.36777777777778,33.61946085583075,36.10687876924788
83.45,33.6,36.37777777777778,33.60878490212725,36.09620195564296
83.55,33.64,36.41777777777778,33.59934888249333,36.08676509067924
83.65,33.57,36.34777777777778,33.58795028060735,36.07536565781778
83.75,33.63,36.40777777777778,33.57939143122637,36.066805991600816
83.85,33.54,36.31777777777778,33.5695223290675,36.05693608653313
83.95,33.61,36.38777777777778,33.559525889637705,36.04693885791177
84.05,33.64,36.41777777777778,33.55085434377894,36.03826653637128
84.15,33.59,36.36777777777778,33.54241593264966,36.02982736286514
84.25,33.55,36.327777777777776,33.53324154394179,36.02065222488272
84.35,33.6,36.37777777777778,33.52859698720022,36.01600693176877
84.45,33.5,36.27777777777778,33.524261093052004,36.01167031395268
84.55,33.44,36.217777777777776,33.51984266230556,36.007251172047546
84.65,33.44,36.217777777777776,33.517647881981766,36.00505569288137
84.75,33.53,36.30777777777778,33.519024456280576,36.00643158046357
84.85,33.55,36.327777777777776,33.52331239937055,36.010718848774566
84.95,33.48,36.257777777777775,33.527942734341615,36.0153485207185
85.05,33.53,36.30777777777778,33.53228570420864,36.019690839126795
85.15,33.45,36.22777777777778,33.5370690457247,36.024473540571414
85.25,33.54,36.31777777777778,33.54511118866738,36.03251505465114
85.35,33.58,36.35777777777778,33.55384070615754,36.04124395431034
85.45,33.66,36.437777777777775,33.56401583158243,36.05141847276205
85.55,33.51,36.28777777777778,33.57161425469656,36.05901629958883
85.65,33.53,36.30777777777778,33.58062731104179,36.06802877016284
85.75,33.55,36.327777777777776,33.58905235158077,36.07645323527928
85.85,33.5,36.27777777777778,33.59608913433179,36.083489452791206
85.95,33.59,36.36777777777778,33.60580407804731,36.09320384128804
86.05,33.63,36.40777777777778,33.61516048229629,36.10255970017787
86.15,33.71,36.48777777777778,33.627721068573884,36.11511975079719
86.25,33.71,36.48777777777778,33.63985587691605,36.12725403302542
86.35,33.66,36.437777777777775,33.64884000911509,36.13623764850046
86.45,33.66,36.437777777777775,33.65921074562236,36.14660787752137
86.55,33.75,36.52777777777778,33.66925580369909,36.15665243719918
86.65,33.77,36.54777777777778,33.68205889650028,36.16945504054078
86.75,33.75,36.52777777777778,33.694091240793455,36.18148690416763
86.85,33.64,36.41777777777778,33.70287130080977,36.19026649216685
86.95,33.61,36.38777777777778,33.70976839780957,36.197163125656786
87.05,33.62,36.397777777777776,33.71814065439009,36.205534927094675
87.15,33.78,36.55777777777778,33.72839104456673,36.21578487035787
87.25,33.73,36.507777777777775,33.738649456031105,36.226042843001935
87.35,33.69,36.467777777777776,33.74809364439944,36.23548660050896
87.45,33.72,36.49777777777778,33.75621562392434,36.243608156999365
87.55,33.7,36.47777777777778,33.76492101558289,36.252313133319916
87.65,33.7,36.47777777777778,33.77375896635546,36.26115067632257
87.75,33.78,36.55777777777778,33.78306741501739,36.27045872465613
87.85,33.82,36.59777777777778,33.79283736307668,36.28022827970386
87.95,33.8,36.577777777777776,33.803199570779434,36.290590101589
88.05,33.87,36.647777777777776,33.815147455218614,36.30253760728341
88.15,33.91,36.687777777777775,33.82481834084176,36.312208121115354
88.25,33.75,36.52777777777778,33.83072196470309,36.3181113800215
88.35,33.86,36.63777777777778,33.83707177142804,36.324460828511505
88.45,33.88,36.65777777777778,33.84338187912028,36.33077058457496
88.55,33.93,36.70777777777778,33.84792384481681,36.33531220513652
88.65,33.89,36.66777777777778,33.85261350800611,36.340001529573975
88.75,33.77,36.54777777777778,33.8528765681682,36.34026425725836
88.85,33.93,36.70777777777778,33.85583467079463,36.34322203357386
88.95,33.86,36.63777777777778,33.85901965763399,36.346406700163335
89.05,33.81,36.58777777777778,33.85814971023676,36.34553643847314
89.15,33.8,36.577777777777776,33.857257919701496,36.344644339499304
89.25,33.93,36.70777777777778,33.859663965555676,36.34705008266833
89.35,33.83,36.60777777777778,33.85947560362567,36.34686142370719
89.45,33.83,36.60777777777778,33.858770541011445,36.34615606961797
89.55,33.92,36.69777777777778,33.861020219294794,36.34840546188609
89.65,33.9,36.67777777777778,33.86274461946264,36.3501295814036
89.75,33.92,36.69777777777778,33.86554154014874,36.35292622671086
89.85,33.82,36.59777777777778,33.865970057577734,36.353354473940584
89.95,33.86,36.63777777777778,33.867493882806826,36.35487803405946
